,Month 1,Month 2,Month 3
1006880,7.027543714269996,6.639363281428814,6.485122973099351
1014759,4.700485501438379,4.896780963987112,5.111467227339745
1017349,5.0993463061749935,5.324592366814613,5.346200605854392
1030134,4.689291100949049,5.043818525969982,5.24195433780551
1030580,3.612578885629773,3.94391156360507,4.300799712538719
1031165,67.72361489757895,56.58181032165885,47.74092465266585
1034734,7.45097635500133,7.566785093396902,7.277862947434187
1040842,11.278020773082972,10.56425716727972,9.97109355404973
1048447,9.150107391178608,8.941875042393804,8.69210791401565
1066618,3.9599606785923243,4.408149190247059,4.63217681273818
1067115,122.52835359796883,106.50086588785052,88.00064679980278
1073325,22.06718904152513,19.492191357538108,17.291431874036792
1075513,6.409129239618778,6.50543662160635,6.309268079698086
1084566,5.8077030926942825,6.175639683380723,6.241321114823222
1087667,3.563371753320098,4.097485538572073,4.442849293351173
1088438,18.57105846330524,16.58319566212595,15.06292753852904
1099520,26.46316157653928,23.29618698731065,21.07763323001564
1100437,9.17002123966813,8.544511901214719,8.251966170966625
1110032,3.208063766360283,3.75172832980752,4.128035336732864
1122359,11.362714916467667,10.395344832912087,9.738295715302229
1129794,12.702089397236705,11.060935709625483,10.241954892873764
1132801,65.80993721075356,52.31305986363441,44.29835458472371
1137167,3.563771553337574,3.958228211849928,4.1838550344109535
1150412,44.96350758522749,37.305991891771555,31.429490085691214
1181986,4.922038171440363,5.106250789016485,5.208060180768371
1182581,20.315411323681477,17.176701961085204,14.800690457224848
1198032,29.04074844159186,25.10248346626759,22.074144292622808
1198446,6.558229262009263,6.2264015935361385,6.236466400325298
1199420,7.984861683100462,7.664577446877956,7.427705455571413
1204051,6.3358960300683975,6.264027217403054,6.208651741966605
1207429,8.386463973671198,7.758098920807242,7.60189768858254
1224236,7.56291401386261,7.456472018733621,7.0794606022536755
1225225,8.947415128350258,8.76345000602305,8.27201328612864
1229662,7.052096512168646,6.975411061197519,6.637770427390933
1240419,38.28632057271898,31.435391895473003,27.480525700375438
1241015,66.30816418491304,57.16171072795987,47.84153464436531
1242611,443.64959336817265,333.701009400189,261.6191731318832
1261120,65.1092527769506,58.588324110955,47.542699996382
1288833,14.04663589410484,12.391330555081367,11.496889071539044
1292487,11.852368401363492,10.898217102512717,10.094060616567731
1294802,5.067692298442125,5.298389600589871,5.3959281127899885
1296431,32.84685095399618,29.50398974120617,25.390364862978462
1318863,150.6743890568614,120.81401112303139,103.29145538248122
1328958,4.590927604585886,4.722785457968712,4.856781924143434
1334313,11.779738064855337,10.226546727120876,9.288400121033192
1342180,124.99989192187788,97.61068424209952,81.95636225305498
1350085,8.109973704442382,7.718874096870422,7.472406905144453
1354523,5.142791241407394,5.277219237759709,5.321622423827648
1357362,76.17442267015576,58.525054171681404,51.02603380102664
1358340,11.251284940168262,10.159342247992754,9.368886845186353
1359060,20.20438114739955,18.87895524501801,17.16853461787105
1363203,9.507541298866272,9.047764932736754,8.74439287185669
1374820,3.8252407647669315,4.17093451321125,4.4574515130370855
1398818,36.936963783577085,32.22163987904787,28.296631764620543
1399059,21.0087724365294,19.736418399959806,17.31355414167047
1408866,6.723778199404478,6.65841406956315,6.64479548484087
1425811,26.20109583809972,22.13367007300258,18.50656373985112
1432968,7.097978323698044,7.131580563262105,7.067593522369862
1435072,47.319503704085946,41.85002369992435,33.35763672553003
1435341,126.29460937529804,105.29170563817024,89.23152951709926
1440353,21.21745535358787,17.88792080804706,15.622273147106172
1441177,12.515535093843937,12.327286399900913,11.715313147753477
1470786,33.284194096922874,27.49960821866989,22.190086297690872
1481260,6.380457866936922,6.059894405305386,6.068036364391446
1481285,11.350574957206845,10.942620288580656,10.334581576287746
1491424,29.10515432059765,25.549732765182856,22.08232432790101
1499465,16.599460542202,14.996801884844901,13.604926681146027
1505108,7.2260983642190695,7.285922408103943,7.14855619892478
1505508,9.717188812792301,9.057201482355595,8.565123813226819
1510371,12.244096266105771,11.137519624084234,10.54516195692122
1525871,371.0747973322869,288.4133641570807,244.48691739887002
1541328,9.74433079175651,9.799515886232257,9.503866946324706
1545938,42.050247356295586,34.39911577105522,30.090591557323933
1566813,9.965521737933159,8.666488982737064,8.290676966309547
1566871,16.35234605520964,14.430431218817832,13.175243198871613
1585947,4.912722196429968,5.251568576321006,5.439296895638108
1591694,5.380494562909007,5.389747077599168,5.54106186516583
1592924,25.850027000531558,22.11944226920605,19.66752587631345
1594729,32.069633373990655,25.676063224673275,22.231849534437064
1595908,26.439579721540216,22.242567982524637,19.081063672900203
1609753,81.51931737363338,67.54166146740317,58.68113482929766
1610429,12.257048517465591,11.418331541121006,10.696216557174921
1618902,477.66224351525307,367.3199517205358,283.76075808703905
1624400,6.114660661667585,5.970910344272852,5.80575486086309
1625205,11.829801911488175,10.993743922561407,10.328248236328363
1636465,4.486402111127973,4.724568692967296,4.872526429593563
1639681,4.843575831502676,5.011828178539872,5.061581069603562
1642624,14.82905722036958,13.149338696151972,12.043840879574418
1650038,46.52482184395194,40.355069898068905,33.780980521813035
1655238,5.061168577522039,5.204861780628562,5.32084820792079
1656780,14.37358980998397,13.635787434875967,12.69538164138794
1682820,15.717761890962722,13.774714767932894,11.440307850018144
1689543,9.467282071709633,8.945479588583112,8.431596953421831
1695706,7.590493869036436,7.34205306135118,7.04401801340282
1706958,16.702253568917516,14.186692820861937,12.622459387406707
1710544,12.019802110269666,11.14469064027071,10.26117067784071
1714437,11.687593679875135,10.218138234689832,9.533198306336999
1730865,8.515193233266473,8.716292642056942,8.21522899158299
1739145,5.236014451831579,5.401081090793014,5.408823249861598
1744628,5.521611277014017,5.578839793801308,5.641062637791038
1745724,20.69121699407697,18.345431640744213,16.588405754417185
1747128,14.119393151253464,13.239744268357754,12.300429992377758
1752918,3.8286930061876774,4.268168415874243,4.5727842990309
1753248,354.5860800147057,257.9182434082032,195.69788706302643
1767116,8.811013516038656,7.9821836575865746,7.7293577417731285
1773952,23.843709938228134,19.235361095517877,17.320915538817648
1782218,10.705513494089246,9.985771926119924,9.453866560012102
1799192,15.009735098108651,12.411561705172062,11.492897417396307
1806115,3.5648440327495337,4.045511536300182,4.359424356371164
1815058,6.542725905776024,6.403703382238746,6.180653048679233
1818348,7.448628323152661,6.8388444520533085,6.778544455766678
1822951,10.321280293166637,9.181076027452946,8.823458084836602
1826277,6.419885763898492,6.34156303666532,6.25893135368824
1842566,5.744109505787492,5.976183896884322,5.902684153988957
1850553,14.909252027049662,13.759027376770975,12.638825803995132
1851285,35.124264158308506,29.04399126395583,25.070727922022346
1889147,4.714573692530394,5.126564437523484,5.269889570772648
1905713,7.331620184704661,7.304218018427491,7.034467235207558
1919041,8.764662098139524,8.262475199997425,8.0226015355438
1919793,14.375442851334812,12.749443488195539,11.737333878874779
1925126,14.051046386361124,13.072558054700494,12.159135589376092
1932038,27.85011225938797,24.68383573368192,21.782049130648378
1952531,73.08806807175279,59.04062485136092,50.748080771416426
1957519,17.021934932097796,14.72587073966861,13.456575490534307
1959675,53.74552746117115,48.190312564373016,41.165965870022774
1961565,6.757475629448891,6.998136201873422,6.963924743235111
1963530,9.532817544415593,9.138906644657254,8.790306413546205
1963935,3.920405860990286,4.317800732329488,4.51470541395247
1968660,35.42179152369499,28.668160209432244,24.269554071128372
1968965,23.381655346602205,19.797587802633647,17.28234435617924
1979368,6.569023862481117,6.528079263865948,6.4223162941634655
2000177,5.351645501330495,5.75931459851563,5.759174985811114
2012969,12.162372065708041,10.477919401600957,9.866618828848004
2015656,3.2461272664368153,3.7430977262556553,4.12619498744607
2022495,7.339375035837293,6.94388397410512,6.726487955078483
2031083,8.423448648303747,8.077697785571218,7.645805884152651
2033766,7.449897529557347,7.165474720299244,6.96825273707509
2052324,13.134139949455857,12.191208435222507,10.62621982395649
2064002,5.73302298784256,5.956910997629166,5.9724841602146626
2069471,48.204223066568375,38.42606654390693,31.847287449985743
2081286,4.893385836854577,5.095944833010435,5.208682091906667
2099931,47.634171701967716,39.85849289223552,33.77945112809539
2104708,6.61848483607173,6.642694948241115,6.4852054715156555
2113195,12.713873978704214,12.425979889929295,11.587294643744826
2118818,52.43193690851331,43.55430771410465,37.54027470201254
2126093,11.191479934379458,10.667094616219401,10.215771164745092
2141345,4.780248777940869,5.1340971775352955,5.358676904812455
2143682,7.137342760339379,6.799321364611387,6.622317839413881
2147563,109.01883178204298,93.57696225307882,82.06740512140095
2161805,3.742742348462343,4.240512408316135,4.507464591413736
2175560,8.794069610536098,8.481895603239536,7.8993489015847445
2175907,5.692573379725218,5.719575745984912,5.817317331209779
2180737,5.899447677657008,5.763801243156195,5.833518750965595
2183774,43.29858800768852,41.55794757604599,37.43782436102629
2185759,16.930888410657648,15.312942162156107,13.11925215832889
2185911,22.804102972149852,18.960971362888817,16.88863018341363
2204972,12.513478979468346,10.65930168889463,9.8556211553514
2208411,4.365491162985563,4.7215543277561665,4.931868175044656
2210573,22.663379712030295,18.641791336238388,16.38426025025547
2211812,46.86912581138313,38.58957840502262,34.16741579584777
2217747,7.174498777836561,6.74100767634809,6.687491588294506
2247792,5.519631315022707,5.874317390844226,5.9936672151088715
2250794,11.794892389327288,11.020733596757054,9.977376125752926
2253681,5.815686400979757,5.914824113249779,5.7670757956802845
2255097,13.652502883225681,11.912249559536576,11.043103359639645
2262358,62.3044970035553,50.72981054522097,43.92907898128033
2269586,12.585328754037619,12.08208841457963,11.114191610366106
2282933,21.104419831186537,18.596569512039427,16.536419060081247
2295841,19.482348661869768,16.29748460836709,14.46626726165414
2302653,8.274272473528981,7.681407123804092,7.418675052002072
2309184,25.26388209871948,21.05896320380271,18.694152446463708
2313706,13.68112348765135,12.724313201382756,11.942653398960829
2314210,4.950278013944626,4.9409874230623245,5.152005679905415
2314565,4.361613737419248,4.7018181681633,4.812613541260362
2315120,7.398063139989972,6.7944095358252525,6.482463985681534
2318820,21.395740777254108,20.59426231682301,18.922609599307183
2325635,25.02390689775348,22.818667115643624,19.843133274465803
2326469,25.46201791055501,21.839442644268278,19.485724750906233
2339767,11.714697582647204,10.83788537606597,10.013294667005539
2339950,6.519988073036075,6.6957795061171055,6.618478490039706
2340175,8.156731268391013,7.976294539868832,7.428416211158037
2341888,77.84413984790444,66.40350062400103,56.81021670624614
2344288,8.210767731070518,7.279322534799576,6.654600104317069
2350017,17.84459010139108,15.068550122901799,12.841651333495975
2355621,9.052486380562186,8.50519823282957,8.098538154736161
2360693,5.173937566578388,5.2428681664168835,5.256074259057641
2368752,5.737680975347757,5.709529977291822,5.600943023338914
2375746,34.05235588923097,30.71033869870007,25.141981169581417
2380506,17.19692041911185,16.016609231010083,14.767665706574919
2383145,6.965663556009531,7.08000636100769,6.959565019235015
2383889,3.293614624068141,3.8215917963534594,4.182877745479345
2386155,13.719593133777382,12.458001967519522,10.926126951351762
2395893,91.17193669080734,78.99531005695462,66.45998665504158
2407192,7.198017172515392,7.029136568307877,6.719380399212241
2423230,31.145904952660203,27.4104464687407,23.761617667973045
2432043,12.777264492586255,11.247680393978953,10.456844229251146
2434316,17.00088514387608,14.46606418862939,12.273630699142814
2438792,4.859047457575798,4.953019499778748,5.1544552482664585
2441816,5.330208605155349,5.55510563403368,5.626155808568001
2459835,18.841170970350507,16.28849228098989,14.617175903171303
2467437,4.361797772347927,4.864428892731667,5.110039370134473
2468543,8.109256602823734,7.502944011241198,7.391038082540035
2501418,4.1670697797089815,4.562491035088897,4.73997051268816
2505881,17.042895875871185,16.37267874181271,14.731093524023892
2513224,53.60394431371242,44.16220681369305,37.01978584751487
2513379,6.671252092346549,6.7426512986421585,6.63671064004302
2518495,7.722821328788996,7.525320120155811,7.180159438401461
2522270,7.655172627419233,7.082982650026679,6.855464709922671
2526252,3.329533165320754,3.788884347304702,4.155843649059534
2537047,4.165876725688577,4.289281664416194,4.481306247413158
2540358,6.041827252134681,6.202438976615667,6.157807333394885
2547235,3.394706914201379,3.8388339653611183,4.208515714854002
2547652,7.094703771173954,7.12970213778317,6.967288140207529
2552513,10.753851220011711,9.949256857857108,9.33298734202981
2552668,5.80360990203917,5.898863842710853,5.938031552359462
2556952,13.526883179321887,12.856266245245934,11.689776714891195
2566986,5.8338170144706964,5.749554401263595,5.853267602622509
2569112,50.655289091169834,43.14531229622662,37.540128743276
2575375,33.068403623998165,27.601449340581894,24.295610878616575
2577278,47.79636993445456,38.67178490385413,33.55378622934222
2595467,7.591826535761356,7.576316833496094,7.185832791030407
2598212,3.1868743654340506,3.6783935837447643,4.076188255101442
2603525,7.838446032255888,7.192788042128086,6.480179414153099
2610766,22.517808083444837,20.49085372500122,17.809458468109373
2622349,5.08968129940331,5.125441189855337,5.255890224128962
2654015,45.84671024605632,37.50565709732473,32.21432925015688
2656905,4.5542348474264145,4.823465256020427,5.089294191449881
2667560,18.427270069718364,15.30761784128845,13.56363305076957
2667775,9.840492215007544,8.84759839065373,8.510998506098986
2668742,4.576230194419622,4.859066495671868,5.114291211590171
2669576,27.486402126029134,23.10908692516387,20.068899709731344
2674263,28.43868769146502,25.840184304863218,23.18294839188457
2676859,5.965052956715226,5.850481694564223,5.747136563062668
2684319,52.87557214219123,45.35685368813574,38.9266478959471
2688067,34.74619295448065,27.678553629666567,23.329364042729143
2694213,16.16643270105124,13.297245664522052,12.180451910942793
2703771,3.7602573968470097,4.137490924447775,4.46473041176796
2720980,174.25013917312026,140.6309176273644,120.35529454424979
2728779,9.479694910347462,9.189985856413841,8.388075865805149
2738817,5.112089138478041,5.389423429965973,5.40984496101737
2741531,10.349989742040634,9.274940187111497,8.501060619950294
2748415,9.177446097135544,8.740559868514538,8.335429184138775
2756875,7.031605174764991,6.703845312818885,6.613408010452986
2762280,7.246012212708592,7.174003787338734,6.966279121115804
2762696,3.8444882798939943,4.147327274084091,4.423297168686986
2764434,10.690492436289787,9.904923478141427,8.980972945690155
2768256,4.668101700022817,5.126488285139203,5.3516391552984715
2779224,10.819044006988406,9.92247025668621,9.34984240308404
2793314,5.904416620731354,6.1870879251509905,6.22187052667141
2801980,19.274763608351353,18.02968481741846,16.534362945705656
2804384,10.61508253775537,10.528237089514732,10.034915598109365
2806266,17.76614045351744,16.08258257992566,13.866103975102307
2806348,3.9226777404546738,4.396637488156557,4.67202989384532
2812713,63.16948655247688,52.667853822000325,44.6330443136394
2821074,5.776658304035664,5.730179965496063,5.848704805597663
2824711,9.752199871465564,9.403428297489882,8.800168147310615
2831084,4.018147446215153,4.476635567843914,4.733186604455113
2849368,12.77607143856585,11.22487910091877,10.516490584239364
2872694,13.026263751089573,11.801758795976639,10.781101081520319
2873718,6.476777940988541,6.242615705356002,6.153371457010508
2874635,6.781070176512003,7.075729135423899,7.0534926392138
2897571,4.96828805282712,5.082135867327452,5.246244255453348
2915283,4.282916594296694,4.577270943671465,4.789101492613554
2926183,19.705868601799015,18.475157227367166,16.107852479442958
2927116,5.7553990967571735,5.783670669421554,5.5698030441999435
2928768,7.2152783796191216,6.76117536611855,6.648882329463959
2943866,3.969923948869109,4.440634528174996,4.658868223428726
2949579,32.36760496161878,30.402118269354105,26.11178178340197
2952325,45.79448240250349,38.076926900073886,32.45307966694236
2981538,16.19306065142155,14.345451503992082,13.312476141378285
2984116,14.10493689030409,13.158286601305008,12.120964206755161
2999372,5.73807442933321,6.026089092716575,5.986381970345974
3007306,162.4458723142743,128.56035857275128,105.2883612792939
3026586,9.838169567286968,8.761755615472794,8.401884831488132
3046776,4.100893357768655,4.406270764768124,4.724270429462194
3054410,7.8387189116328955,7.777771620079875,7.343455534428358
3069157,9.575926139950752,8.642919819802046,8.283702677115798
3105989,23.970465581864122,20.130938518792394,17.796772750094537
3106771,4.699958780780435,4.806553080677986,4.954161785542965
3107076,9.179108757525682,8.739385852590203,8.42295365780592
3118654,9.667645340785384,8.919784504920244,7.700692715123296
3124933,10.779800144955516,9.756654785946012,9.209360292181373
3147118,15.703032750636341,13.931430028751494,11.502397427335382
3149584,15.825549244880678,12.882500741630793,11.138877674937248
3162626,31.165444385260344,26.00075160712004,22.9635660648346
3174034,3.83828186057508,4.290703175589442,4.607224214822054
3185233,13.860183127224447,12.505990661680698,11.388206927105784
3188310,28.036342915147543,26.449917407706383,23.65322109498084
3202372,13.070121178403497,11.669539218768477,10.48180951923132
3205610,6.034173937514424,5.786678688600659,5.614123731851578
3206367,6.355035662651062,6.431467272341251,6.317555997520685
3217827,35.90247806534171,29.154386837035418,24.85507071577013
3219760,64.2784937247634,55.16392273269594,47.9498994871974
3225574,5.760970912873745,6.078012326732278,5.933145107701421
3226914,20.059183934703473,18.863382082432512,17.26682196184993
3234405,5.297037895768881,5.706839259713888,5.86579466983676
3237695,4.761293180286884,5.1113783828914165,5.163212772458792
3239073,15.36643921211362,13.223783997818828,12.085312198847532
3243370,5.841019760817289,5.918803075328469,5.955857556313276
3255890,3.79206370934844,4.245087897405028,4.582576226443052
3260587,19.77620802074671,16.096556542441252,14.680851988494398
3271813,5.552059538662434,5.521420896053314,5.6486207619309425
3279963,13.435386089608075,11.465152565389872,10.740042254328728
3281066,18.855766844004396,16.904755450785164,14.582888292148711
3282204,3.1233632769435644,3.696384584531188,4.110456828027964
3292188,22.610320538282398,20.940857201814655,19.057329513132576
3304823,12.76025078073144,12.323789736256003,11.182347994297743
3317871,3.6058647837489843,4.091253735125065,4.455224055796862
3318085,3.7121735122054815,4.222051801159978,4.545102907344699
3335667,5.6659073531627655,5.880269968882203,5.743963547050953
3342836,22.36994553729892,18.595287613570694,16.942184347659353
3345922,6.890374232083559,6.781006716191769,6.39719869941473
3346886,8.150950033217669,8.318682005628943,8.17774298042059
3355958,2.933064814656973,3.5235186722129583,3.9655896089971066
3359398,9.033042138442397,8.272889038547873,7.989773511886597
3370359,7.14109961129725,6.752094194293022,6.529018476605415
3401194,15.317727070301773,13.630856567993762,12.232222840189934
3403487,20.450708726421002,17.69525527581573,15.422614287585022
3410537,7.774858791381121,7.891898659989238,7.4432278499007225
3426196,3.6095899045467377,4.038175523281097,4.340354530140758
3443407,4.766363659873605,5.115719068795443,5.292126066982746
3446262,56.963777989149094,47.83402728848159,40.276785247027874
3482861,7.243594374507666,7.045217413455248,6.925302792340517
3483239,5.216843089088798,5.423552390187979,5.482970288023353
3484188,17.2253189124167,15.033183686435224,13.61033350042999
3497621,14.96673438511789,14.19559630379081,12.794157629832625
3506724,178.57897068932652,149.02690837532282,120.06685469672084
3523379,9.471381608396769,9.182865608483553,8.716133991256356
3537244,84.17786056920886,67.65059745311737,57.82713660784066
3542013,13.044134177267551,11.491114182397723,10.402503157034516
3542181,7.4723688289523125,7.305112808942795,6.8823211174458265
3551916,7.106031438335776,6.820929603651166,6.6631101332604885
3555411,9.04459191672504,9.158395309001207,8.730044493451715
3555837,7.430624630302191,6.992577077820897,6.760553454980254
3561512,11.030246298760176,9.661305654793978,9.171449096873403
3570469,4.92625193670392,5.035086385905743,5.056853275746107
3599418,4.035307116806507,4.389434741809964,4.6947613805532455
3606248,39.04329431056976,32.568729754537344,29.038508292287588
3618823,8.331881752237678,7.841580972075462,7.539858879521489
3634986,37.41721244901419,33.98214339092374,28.99079247750342
3637532,11.061233973130584,10.137054983526468,9.55170333571732
3638065,4.352202571928501,4.584492728114128,4.816846344619989
3665927,9.42257427610457,8.946247458457947,8.024169005453587
3669288,27.420409739017487,26.79302197508514,23.08315069228411
3675044,3.8749428875744343,4.268612638115883,4.585869817063212
3700829,3.8821646720170975,4.288881864398718,4.5752719435840845
3706750,13.252061916515231,12.512235157191753,11.335706204175949
3721624,15.743748892098667,13.418334301561119,12.117397736757994
3727665,11.835849680006504,10.599401492625475,9.902569100260735
3738908,80.83133769594133,75.21817083470523,63.770887315273285
3745019,23.1407853551209,19.82627186737955,16.995452940464023
3754535,14.55350616388023,12.942546896636486,11.902267251163721
3771083,17.434750661253933,14.575000174343588,13.104269176721573
3775793,6.210644396021962,6.416782554239035,6.432076491415501
3777289,6.947736015543342,6.607747349888086,6.391163622960448
3784312,9.088753953576088,8.746341103687882,8.346902810037136
3785281,33.16033224388957,27.076518263667822,24.169356571510438
3786990,34.875626623630524,29.05301532149315,25.61751473322511
3789941,4.385906348004937,4.845828672870994,5.003007194027305
3797222,8.128015473484993,7.841993464156985,7.432027103379369
3798379,113.39211090654135,93.56688475422561,81.6994368005544
3807742,13.433659968897702,11.71073131263256,10.647440955042839
3812018,9.380912575870752,9.257082452997565,8.786213222891092
3819376,5.908382890745997,5.778270196169615,5.776315618306398
3827001,28.675280457362533,24.72615107521415,21.580219928175215
3835552,3.71931279823184,4.233544465154409,4.521793931722641
3836700,14.237676842138173,12.534236850216985,11.567679058760405
3841729,6.340344598516822,6.337444461882114,6.372081104665995
3850693,8.64757146127522,8.168579310178757,7.760402530431747
3850855,27.373303143307567,24.33168172463775,21.348221689462665
3864348,6.52447471767664,6.474880477413535,6.463743191212416
3884227,8.121796362102032,7.911799816414714,7.71787142381072
3887655,5.615538896992803,5.881526483222842,5.87834077514708
3896635,12.327172171324492,11.247661355882883,10.521377028897405
3903961,4.659674169495702,4.820101859048009,4.895854443311691
3910746,18.169018296524886,16.19685557857156,14.738613571971657
3915408,14.979547023773195,12.479883085936308,11.167701352387667
3921546,6.646832561120391,6.335686611011624,6.190819391980767
3923649,6.217548878863454,6.597377933561802,6.635079709812999
3925734,3.694715578109026,4.121670266613364,4.428475530818105
3926262,109.22505243867636,91.58257573097944,79.13729617744684
3944257,10.83533427119255,10.217490939423442,9.393445989117026
3955839,4.510942216962576,4.734658883884549,4.728947455063462
3966694,6.8610174879431725,6.551591312512755,6.460100568830967
3987448,3.7157463282346725,4.2495491579174995,4.559146676212549
3990426,16.44139992259443,15.433161392807962,14.130993697792293
3997564,3.078966436907649,3.6191533748060465,4.025686532258987
4006389,4.200291257351637,4.507140943780541,4.775267142802477
4007037,4.493757162243128,4.942066248506308,5.17271912842989
4008516,29.726253166794777,25.00794028118253,21.220869518816475
4012847,3.3940532729029655,3.9218464102596045,4.315160783007741
4018146,41.59051541239023,38.97214894555509,34.71109305135906
4050612,49.14747822843492,42.05529245175421,35.242731884121895
4056522,4.446980560198426,4.808310931548476,5.01432216912508
4065302,9.741957375779748,9.77163776755333,9.447945712134242
4067788,8.582226369529963,8.029880434274673,7.17680873349309
4069702,5.863617980852723,6.028119822964072,6.009646523743868
4070196,4.324876558035612,4.608436306938529,4.684169853106141
4082611,6.187538493424654,6.139016732573509,6.152565510943532
4086644,5.19814133271575,5.157165003940463,5.148896124213934
4087858,6.764760874211788,6.800495380535722,6.665356628596783
4104271,8.83387192338705,8.098132008686662,7.689035054296255
4121261,3.039119701832533,3.595907859504223,4.013197541236877
4124481,6.178000407293439,6.450556136667728,6.409954223781824
4131462,4.151706036180258,4.5017531625926495,4.766661923378706
4174118,5.033220652490854,5.033576030284166,4.8885501604527235
4176564,28.068879021331668,23.277821570634845,20.34304194711149
4185746,9.665354423224926,8.623697688803077,8.168617386370897
4185986,21.93686058185995,18.658887546509508,15.785696163773538
4186957,93.81083257123828,74.31388030946255,63.22330090403557
4196094,18.135898355394605,16.31732230447233,14.472384836524727
4201649,8.874911712482572,8.857847232371569,8.551105428487062
4209207,11.557487331330776,10.968664404004812,10.192900065332651
4211198,6.813504746183753,6.88911771774292,6.698368687182665
4211546,211.17820720002055,158.46246801316738,128.22835956141353
4214264,4.173980608582497,4.542164694517851,4.751856630668044
4233997,12.681401332840323,11.387876933440566,10.732097022235394
4234839,7.700254838913679,7.206121055409312,7.013836285099387
4242152,4.569109946489334,4.987776717171073,5.184414865449071
4249992,12.100345948711038,11.516542732715607,10.3135508261621
4254199,13.382675947621467,11.376244656741619,10.482761424034834
4258203,19.2144572660327,16.16897111386061,13.895098995417358
4275069,35.61705892905593,31.0391075797379,25.569551423192028
4292270,7.7488146759569645,7.45489820279181,7.1599029041826725
4300308,43.07438904233277,33.55311354994774,29.63028847053647
4306196,6.439723460003734,6.611199591308832,6.566244300454855
4321162,5.677653858438134,5.669968813657761,5.778155967593193
4322206,5.111441843211651,5.392818557098508,5.464255839586258
4331018,7.210271360352635,7.108030438423157,6.865294713526964
4339538,7.265488184988499,7.349465226754546,7.0677839033305645
4344139,8.413339419290423,7.99501533433795,7.816793370991945
4347238,5.634437380358577,5.800938222557306,5.841971665620804
4363353,52.67454888578504,41.70295440778136,34.81966731324792
4376952,24.48167653754354,22.75638081133366,19.060496183112267
4382091,42.720546988770366,36.666553013026714,31.222050990909338
4385405,11.149228053167462,9.776067297905684,9.215845936909318
4402298,15.550537601113321,12.96619855798781,11.816176980733871
4405134,5.884185470640659,5.905571598559618,5.930524196475744
4412215,92.66872449591756,73.75265627540648,62.275552751496434
4414897,38.23852860555053,32.07687419652939,27.11257641762495
4431629,5.462605871260166,5.544031808152795,5.5645167995244265
4435056,13.67285460792482,12.469653282314539,11.559276912361383
4438764,7.962726723402739,7.60082520917058,7.3857708759605885
4443742,41.02476665750146,34.3661735188216,29.569430023431778
4446128,11.711530912667513,11.414961798116565,10.249354366213083
4448731,17.413110692054037,15.54261775314808,13.782425196841361
4451166,44.97966458275914,41.88909621909261,37.38470807299018
4453423,5.011193575337529,5.070719355717301,5.014093711972237
4456084,30.618479885160923,26.316187474876646,23.108204826712612
4459020,7.200625391677022,7.342427477240562,6.951727669686079
4474245,44.25753690674901,37.831862181425095,32.67661229893565
4478059,5.008858235552907,5.339391313493252,5.5382251888513565
4485119,3.456460151821375,3.9538050275295973,4.267609965056181
4485327,6.367505615577102,6.705679316073656,6.58214745670557
4492388,9.926328644156456,8.687570501118898,7.984214387834072
4498135,27.13566328212619,22.880889959633354,20.24464672058821
4504480,19.14275979623199,17.96783004328609,15.492274681106212
4514103,16.566962512210015,14.621700624004008,12.637518521398306
4516821,9.489353571087122,8.897586084902287,8.524426709860563
4569642,5.944955073297024,6.013911057263613,6.035462182015181
4571719,5.333413351327181,5.487729812040925,5.620120732113719
4576544,10.069088980555534,10.135094059631228,9.282669654116035
4591716,45.899566346779466,36.5625415481627,31.183340195566416
4593196,7.291589414700866,7.462722860276699,7.251152498647571
4604981,8.585253426805139,8.118432965129614,7.858892947435379
4607524,12.59415608458221,11.826546397060156,10.440192241221666
4628788,11.762603778392076,11.429246716201305,10.570298589766026
4635706,31.09339153766632,26.855752501636744,24.191409032791857
4641340,8.96373712271452,8.421709835529327,7.886028580367565
4681819,50.600433990359306,43.91152585670352,37.308695301413536
4688712,20.080265453085307,18.35328802838922,16.86957304924727
4698011,8.313344992697239,8.273555371910334,8.029423519968987
4698888,4.820165319368243,4.886982690542936,5.003286419436336
4707663,6.457670038565993,6.267092350870371,6.279086351394653
4718310,3.9928394705057144,4.3475572764873505,4.6455352101475
4734921,12.482707070186734,10.970796670764685,10.256373077630997
4756446,84.69478295370936,74.45952809043229,65.51785474084318
4756752,18.524478588253263,16.43047840148211,14.519827771931888
4764333,23.498999824747447,22.240879938006405,19.90901143290103
4784483,9.211010260507464,8.99558151140809,8.270756771788001
4790821,16.219403030350808,14.259024893864991,12.636128740385175
4804651,71.50374310091138,56.785454489290714,48.0997356493026
4813271,37.18575996905565,27.74183626100421,24.212642855942253
4828886,130.7217916958034,101.87403739988804,84.68118975311518
4832244,9.329719135537744,8.340556778013706,8.015652630478144
4834902,8.30465092882514,8.3874666467309,8.066160699352622
4849811,21.409689355641607,17.803340893238786,15.742701796814801
4850963,9.584074445068836,9.075262289494276,8.355952251702547
4859559,24.142462087795142,20.51107852905989,18.445286454632882
4866131,11.789859985932708,10.964780632406473,10.258454576134682
4866348,4.167717074975371,4.545921545475721,4.807162299752235
4873579,4.253788307309151,4.654825801029801,4.866345394402742
4879419,3.7644140478223562,4.234807325527072,4.5605681873857975
4889568,11.199824966490269,10.81035628914833,10.058897253125906
4893343,96.10032862052321,78.94973285496235,67.02600828930736
4893594,4.700041279196739,5.002664508298039,5.180207446217537
4896399,29.171241898089647,25.179924095049504,21.17194161191583
4908594,59.82102179341018,52.58885524235666,45.38887576572597
4923558,6.077790215611458,6.337723687291145,6.335546998307109
4926999,6.688253112137318,6.671969193965197,6.559809423983097
4939687,3.5754419062286615,4.053520228713751,4.342994479462504
4942230,134.486524425447,109.1509054005146,89.45435773953795
4943152,8.078541807830334,7.877499513328075,7.211496144533157
4943899,3.9066413175314665,4.342410644516349,4.560219155624509
4945815,9.46054258570075,9.477169189602137,8.708207797259092
4948184,8.510224290192127,7.663866691291332,7.218210246413946
4958645,12.72654065862298,11.670567275956273,10.671295689418912
4994262,5.470259185880423,5.850729189813137,5.975136801600456
4995560,3.4243936520069838,3.9861697908490896,4.367801118642092
5002177,23.62878252565861,19.28134444355965,17.496497552841905
5007710,22.54045707173646,18.59972348995507,16.33637943863869
5018473,9.636454593390226,8.514266712591052,7.96700394898653
5021326,78.36536484211683,64.85567168332636,54.972215451300144
5025481,13.892922306433322,13.11503204703331,12.117378698661923
5030021,5.35831518098712,5.480197072029114,5.597979426383972
5031023,6.592504180967808,6.51835079677403,6.265175849199295
5037810,8.170254662632942,8.105080913752317,7.93847218900919
5041692,22.325624849647287,18.581732489168648,16.48519388958812
5042492,34.56554046086967,30.228071995079517,25.728557601571087
5049868,11.239703431725502,9.849757421761751,9.03976258635521
5051287,18.344619348645214,17.650198448449377,15.30308677442372
5069253,20.878240903839473,19.666408974677328,18.109955776482824
5073416,7.386380095034838,7.138389855623245,7.085540100932121
5087037,6.568065611645579,6.561237281188369,6.478935591876507
5092395,3.511302560567856,3.999299731105566,4.299974728375673
5099351,9.88407676294446,9.37879934720695,8.834062304347754
5102428,283.21355243772274,220.85959942638877,180.15648002177477
5109613,40.988829078152776,33.507054049521685,29.191225552931428
5117765,36.000194266438484,33.5395330414176,30.05372745729983
5117982,40.75770659185946,35.54633874818683,29.62560509890318
5128760,15.67971742898226,14.665101137012245,13.409272167831661
5130144,8.214289778843522,8.444403246045113,8.237148186191916
5132823,32.09249812737107,28.003933729603887,23.531510546803478
5144034,8.917227054014802,9.009822007268667,8.732538484036922
5157354,6.960409041494131,6.640150189399719,6.5914380475878716
5160033,7.562666518613696,7.067980630323291,6.930709611624479
5166119,5.280005145817995,5.593854505568743,5.686747722327709
5168339,4.519122252240777,4.890434931963682,5.15562291815877
5169428,38.216875944286585,31.94393751770258,27.887065203860402
5174161,4.0231036972254515,4.4941061940044165,4.779125530272722
5174968,4.713672555983067,4.830832999199629,4.927387876436114
5180118,22.2604066785425,19.958034530282024,16.897692317143086
5185321,4.967831138521433,5.322447407990694,5.518996711820364
5188435,3.969879526644945,4.395818850025535,4.6730896811932325
5199299,11.399223638698459,10.348066894337535,9.54295215755701
5204269,3.9094208795577288,4.261600272729993,4.5646867621690035
5212525,8.259048342704773,7.643381699919701,7.36680893227458
5226107,18.675742607563738,16.24011013284326,13.643129793927075
5230462,15.9636896699667,15.645690005272629,14.50193830765784
5233127,3.6471711061894894,4.045384615659714,4.329845501109958
5240411,21.76538445055485,18.459761753678325,16.59056340530515
5243101,8.124157086014748,7.647455852478743,7.371999986469746
5244095,5.062260095030069,5.203383155167103,5.290882244706154
5244807,6.796789297834039,6.8180738892406225,6.781025754287839
5256406,8.940117191523314,8.574941124767065,8.263744406402111
5259047,5.005425032228231,5.167610572651029,5.195349078625441
5260894,86.11527241580188,74.81263400427997,60.13893895968795
5274179,6.954887993633747,6.652740716934204,6.565749309957027
5284470,12.99648816883564,11.857946563512087,10.509795520454645
5286111,12.96207363717258,11.7814070712775,10.96175992116332
5307695,106.65772076137364,85.99649373441935,74.74350033141673
5321941,10.331008760258555,9.948653984814882,9.20330617763102
5379211,19.7657497599721,17.935579508543018,15.178165134042503
5379328,37.63718495704234,34.35078439116478,28.961924377828836
5380606,16.662819325923923,13.594417652115228,12.091550348326564
5382497,14.947359949350359,13.171606922522187,11.66271723434329
5388240,4.422415070235729,4.744323890656233,4.957690179347992
5391951,19.57976659946144,17.046360809355978,15.233534263446929
5415883,10.996472716331482,9.827171893790364,9.39034277945757
5445652,8.88647418282926,8.343463260680437,7.926192617043853
5454813,58.80725586973131,51.10379807744175,43.902190843597054
5458339,9.67481635697186,8.663855379447341,8.38378594815731
5470663,4.2156232707202435,4.539099561050534,4.794565426185727
5473514,70.14589532092214,58.532974019646645,50.4947725571692
5474255,4.0757186487317085,4.431280476972461,4.702192584052682
5480158,4.660727610811591,5.00640232115984,5.167160004377365
5507173,7.0299171302467585,7.027987936511636,6.880036545917392
5507495,3.0431303940713406,3.6148698031902313,4.030636437237263
5507779,12.652095356956124,11.944760281592607,10.716244634240866
5511869,6.9566648826003075,6.971387676894665,6.5981838796287775
5536355,8.716736864298582,7.882804796099663,7.643743423745036
5537259,20.77011086419225,18.341433640569452,16.45808364078403
5545327,29.31982154585421,26.492803892120723,23.91591509059072
5548257,11.365392941981554,9.642134292051196,8.958622220903635
5550267,6.144804313778877,6.247876565903425,6.2674858048558235
5581181,77.88644249737263,67.99309280142188,58.83037446439266
5587256,8.562407711520791,8.112194815650582,7.777879502624273
5595813,5.035080039873719,5.2211964670568705,5.339188240468502
5597614,3.6236273273825645,4.142110835760832,4.4501726143062115
5603981,3.723298106342554,4.236146338284016,4.547508053481579
5606263,34.41363549232483,28.68088400363922,25.174434777349237
5619867,5.379206318408251,5.164456594735384,5.2358113788068295
5630657,5.533097594976425,5.626834833994508,5.69120898284018
5637885,13.84782740287483,12.911616336554289,11.922631667926908
5638310,10.923728151246905,10.203872354701161,9.35333906672895
5655072,6.5835689678788185,6.7294388599693775,6.629990192130208
5659335,19.58807355538011,17.38836116716266,15.922269118949773
5661767,9.477188227698207,9.638631282374263,9.252310236915946
5663643,10.592395473271608,9.590414131060243,9.036570532247424
5667027,3.670905265957117,4.189058780670166,4.544544456526637
5669465,24.976755879819397,22.7139766253531,19.963936340063814
5676343,19.836711090058092,16.068513426929716,14.408772211521866
5678343,72.57733941450715,57.814235124737024,48.770650846883655
5684224,10.527329606935382,9.763546576723456,8.79610668681562
5693049,19.49471073225141,16.70366873405874,14.523851156234743
5695488,21.14507251232863,18.169215023517612,15.797309402376415
5696898,41.041761331260204,34.00898710638285,29.674038015305996
5698126,11.132950481027365,10.076450377702713,9.276799574494362
5737658,15.81887321919203,14.209202196449043,13.108419481664896
5741989,91.8636541813612,79.76157438568771,67.31204299069941
5756372,4.341363549232483,4.562554495409131,4.734024280682206
5771812,66.54712402075529,58.04381552524865,48.38188657909632
5783805,8.305101497098804,7.8807931039482355,7.483734572306275
5784432,5.602554915472865,5.659580359235406,5.764918144792318
5792522,4.339110707864165,4.583102947100997,4.851914517581463
5797570,31.0588247012347,26.261801980435852,23.15972826071084
5805653,9.364019438624382,8.604215370491147,8.062822686508298
5809109,72.7647821623832,60.75977127254009,51.23074410203844
5815586,19.255858778953556,16.80172762088478,14.977402064949276
5816345,77.57610883936286,68.42835444584489,61.397547490894794
5821932,4.804496966302395,4.894325049594045,4.931969711557031
5830888,8.472452707588673,8.114657076075673,7.8003063797950745
5835643,4.006934007629752,4.340360876172781,4.52612192556262
5836005,8.83472229167819,8.16116714477539,7.906329536810517
5837358,51.86314840428531,44.33683692291379,37.00722070410848
5846474,21.621570672839884,15.568661868572237,13.201084241271019
5855923,68.50291397608817,57.829262528568506,48.609994700178504
5859415,8.123046530410647,8.00200866162777,7.8181894980371
5870091,5.043875640258193,5.262705862522125,5.2346754390746355
5879832,5.808769226074219,6.080677660182118,6.07992248237133
5881290,3.958291672170162,4.328785713762045,4.5256396271288395
5883356,7.545145124197006,7.136524122208357,7.005592789500952
5884605,7.421695763245225,7.664444180205464,7.415927220135927
5900732,16.847691930830482,15.51958165690303,13.816922226920726
5941646,21.51856188103557,17.907390434294943,16.135743290185932
5946378,19.057367589324716,17.21034862287343,13.942548276856543
5952719,4.4009400978684425,4.812454890459776,4.963166804984212
5965061,7.190643083304167,6.593684542924166,6.396157950162888
5973754,4.333278704434633,4.6652650237083435,4.822494313120842
5987978,3.5973230246454477,4.129520308226347,4.4665009547024965
5991185,6.193364150822163,6.130417859181762,6.105198727920651
6026638,543.9453803300858,389.42769963294273,288.45598410815006
6038158,41.56120943650603,36.18985812552273,32.0215431433171
6060799,7.771831734105945,7.6457424238324165,7.29448320530355
6062956,5.045024272054434,5.2928177844733,5.408797865733504
6070462,18.28443992696703,16.51705097034574,14.639774123206736
6096036,357.41036887466913,276.24025322496897,229.86736035346988
6101785,8.45427767187357,8.369120268151164,8.030311964452267
6105521,5.488745177164674,5.540014769881964,5.6854531317949295
6119805,5.485058132559061,5.552421262487769,5.691437439993024
6137058,3.2302177641540766,3.7906675823032856,4.174120221287012
6137161,7.321580762043595,7.470655400305986,7.349217731505632
6139629,6.617018902674317,6.498620983213186,6.357472538948059
6140272,11.881813989952207,10.682902581989765,10.012641025707126
6146916,4.936024826020002,5.208085564896464,5.295565616339445
6150282,31.72807089239359,25.605279583483938,22.043861027807
6169222,12.596510462462902,11.871799951419234,10.634945617988706
6170775,31.170381598174572,24.549782153218988,21.92098915576935
6173855,6.463337045162916,6.081052076071501,6.107235804200172
6174112,11.983014162629843,10.347400560975075,9.700168754905462
6186615,4.097288811579347,4.556062504649162,4.8039004392921925
6191024,3.98618882894516,4.374743677675724,4.60477464646101
6192945,8.210069667547941,8.126448003575206,7.673449199646711
6196229,9.858705326914787,9.24934029392898,8.78650514036417
6206108,67.81608293019235,57.57153747603297,47.610228123143315
6208285,6.420729786157608,6.7013576682657,6.583384932950139
6213890,46.04478259757161,41.16690508276224,35.32187959551811
6223347,28.759993638843298,23.364406831562523,20.616663809865717
6259748,5.365917727351189,5.519631315022707,5.6631468292325735
6273085,10.705380227416754,9.440063940361142,8.718259911984205
6280064,14.963618483394386,13.576813759282233,11.334322769194841
6290270,6.398239448666573,6.225944679230452,6.131725141778588
6305598,8.18307364732027,7.459721187129617,7.305468186736107
6305852,20.820422206074003,17.80373434722424,15.887784780934455
6306698,11.094188917428255,9.80888262949884,9.190925069153309
6309447,39.01055513136089,34.20860154367983,29.905947409570217
6330326,19.905730534344915,16.765320435166363,14.443300971761348
6332811,17.0437398981303,14.126995697617533,13.035833567380905
6334856,18.611311344429854,16.847526933997873,15.368235139176251
6359310,11.856962928548455,11.355277366936207,10.184320230036974
6365249,67.59033553302288,56.760235358029604,48.34830972366035
6367497,9.383920595049858,8.696442253887653,8.276334933936596
6382452,7.8457756992429495,7.494015144184232,7.325356651097536
6382534,16.582910090684894,15.488346487283708,13.978384319692852
6385644,75.99515995755792,66.80887245759368,56.05998880043626
6413567,9.418176475912333,8.461499456316233,7.938351614400744
6425881,7.400392133742571,7.308920428156853,7.152452662587166
6429695,12.134798556566238,10.80872535891831,10.02250910550356
6429865,23.572524951770905,19.929693151265386,17.75268686562777
6447904,48.3941788431257,37.52534883469343,32.0953221116215
6455437,3.9843992479145527,4.267939958721399,4.562262577936053
6469371,7.661518659442663,7.391875758767128,6.861233253031969
6475854,13.440640604123475,11.37543236464262,10.695144077762961
6484161,12.627669479697943,11.579647675156593,10.064995789900422
6509327,9.858464177697897,9.84183757379651,9.480380281805992
6509907,91.89085962064564,70.18593878298998,59.38804472051561
6522609,6.055236417800188,5.964945074170828,6.009633831679821
6531737,29.387654282152653,23.418919246643785,20.306012850254778
6531883,6.081591488793492,6.271287078037858,6.170753238722682
6533371,8.616361675783992,8.570981200784445,8.059668708592653
6534144,10.728086329996586,10.261684706434608,9.60145622678101
6563658,19.444500926882032,16.454631399363283,14.465004401281478
6579199,3.5448857620358467,3.952104290947318,4.268041495233774
6584298,9.24354636669159,8.730837747454643,8.33549264445901
6595913,25.50869932211936,22.10517638921738,19.010070612654093
6612054,7.027994282543659,6.883406288921833,6.730504993349314
6616643,25.519754109904174,21.32108605653048,19.261671744287018
6628783,18.7562293317169,17.80441971868277,15.75533674657345
6633357,7.297668913379312,6.89239227026701,6.2567229345440865
6640124,6.125296611338854,5.769975932314992,5.654414689168334
6648127,44.931917037814856,36.81449171155691,31.583381362259388
6661377,14.417612234130504,10.430603386834264,8.088898532092571
6667294,3.6127502284944057,4.143284851685166,4.489803584292531
6673804,3.621152374893427,4.104618478566408,4.411423742771149
6688388,17.641294965520505,15.123221188783647,13.837235875427725
6694632,9.315167684108019,9.170820839703083,8.538362596184015
6709824,5.309844188392162,5.392761442810297,5.382341258227825
6709871,43.26430039666593,36.396161280572414,31.63510152325034
6745258,28.311126101762056,22.849807094782594,20.382698301225904
6748995,14.338680287823083,12.510940566658974,11.674025863409042
6752515,14.4643063377589,12.428162924945354,11.578505389392376
6768759,5.745194677263498,5.628599030897021,5.642388958483934
6777306,6.8503307700157166,6.767527744174004,6.65510144084692
6779173,8.911344282329082,7.862478455528617,7.459955990314484
6780796,27.0802497304976,23.77481741458178,20.277658779174093
6797234,4.184337332844734,4.4230242893099785,4.604666763916612
6807332,18.02137786149979,14.82206389307976,13.656069353222849
6826108,16.82837460935116,14.940798152238132,13.314748020842673
6839963,5.520570527762175,5.881063222885132,5.8654392920434475
6843383,4.2488257102668285,4.680343195796013,4.926175784319639
6849585,36.786302637308836,31.53827376663685,26.562914853915576
6860735,5.365943111479282,5.702536650002003,5.802372425794601
6861385,9.933702733367682,9.592654280364513,9.126049583777785
6866175,64.68964044749737,51.67725408822298,43.90484348498285
6890188,4.66742267459631,5.0747363939881325,5.2102876380085945
6894927,19.114189960062507,16.00814997032285,14.501849463209512
6900166,25.115575330331925,21.525301367044452,19.227809317409996
6908254,4.2459763418883085,4.422040654346347,4.615169446915388
6913943,4.865165032446384,4.990004174411297,5.17492120154202
6930405,4.387365935370326,4.683084681630135,4.918808041140437
6935458,12.729688290506601,11.675777368247509,10.806523285806179
6944048,5.958078667521477,5.837415214627981,5.964272394776344
6954110,8.010969258844852,7.510432329028845,7.329722721129656
6960244,8.835724964737892,8.080686766654253,7.815314745530486
6964217,19.53981832787395,16.236442126333717,14.598252035677435
6981877,6.972219007089734,6.526632368564606,5.978132128715515
6995951,66.32897282391787,53.69692002888769,46.46970020979643
6996343,4.884228512644768,5.280271679162979,5.387767115607858
7000081,76.92765224911273,67.97136398777366,56.535972932353616
7005271,8.969562780112028,8.52601321786642,7.800852138549089
7011835,22.15610964223743,20.32318521291018,17.077570594847206
7037684,42.92426730878651,34.564975664019585,30.472889218479395
7038742,6.060757465660572,6.25759868696332,6.248206559568644
7043570,56.31818980537355,44.95299855619669,39.642550114542246
7046846,9.638631282374263,8.800764674320817,8.106857802718878
7047634,5.189453614875674,5.354380641132593,5.36488332413137
7048674,33.70208030566573,28.268360191956162,24.325716454535726
7059704,46.62038674019277,39.900046709924936,34.15927383676171
7074957,25.199520641937855,22.228555943816904,19.761117156594995
7075083,11.314510457217693,9.657485343515873,9.135847857221961
7081418,11.128140188753605,10.514364663511515,9.673566188663244
7107013,22.615663897246126,20.947336500510577,18.18454703688622
7117899,4.904618313536048,4.996223285794258,5.152652975171804
7123405,5.733898740261793,5.611502820625901,5.595897927880287
7127840,4.024899624288082,4.401562009006739,4.650028200820088
7131162,6.028259435668588,6.055395068600774,6.071717062965035
7136456,6.599656159058213,6.537058899179101,6.165695451200008
7139473,4.463042367249727,4.866205781698227,5.0914772264659405
7146813,19.25079464539886,17.811666887253526,15.1595839522779
7153201,4.775489253923297,5.079013619571924,5.271425310522318
7167670,6.265766030177474,6.601985152810812,6.532267645001411
7171329,11.010802056640387,10.217827279120684,8.814935363829136
7180158,4.5037712007761,4.9421677850186825,5.0767734702676535
7184601,10.3127385340631,9.276533041149378,8.86208638176322
7188137,3.844113864004612,4.102118141949177,4.387194592505693
7207978,9.049808355048299,8.941805236041546,8.49459401331842
7214115,21.284412337467078,18.837947186082605,16.760662447661165
7215877,9.463017538189888,8.601689649745822,8.00319536961615
7238034,15.00699361227453,13.632912682369353,12.375573357567191
7243522,154.84231058508158,137.47399515286088,114.98902640491724
7264127,5.432665292173624,5.688239039853215,5.760983604937792
7271671,55.84105069562793,44.042254116386175,37.19680206477642
7277940,5.352559329941869,5.553880849853158,5.698862297460437
7286552,21.807407874614004,20.42345251888037,18.438451778143648
7296011,9.970757214352489,9.12461538054049,8.827900307253003
7297570,6.7683527283370495,6.694269150495529,6.5463812202215195
7303422,4.308167455717921,4.562973333522677,4.804547734558582
7309474,11.979225581511855,11.30009227246046,10.5561532843858
7318001,16.75800980627537,15.66508347913623,14.257457423955204
7322972,33.55254240706563,29.247667161747813,26.30604016967118
7338523,14.269267389550807,12.27686082944274,11.051454737782478
7343299,6.518528485670686,6.254279712215066,6.264795087277889
7364846,54.49316618591547,43.64904128015041,37.84593133442104
7367558,10.385197527706623,8.945428820326924,8.497798759490252
7373733,8.444079598411918,8.369443915784359,7.9707417618483305
7386675,25.204019978642467,22.22425333410502,19.951371196657423
7386789,10.908643633127213,10.351550865918398,9.44172660075128
7400852,76.18809202313423,70.92471844702959,59.296509554609656
7416360,11.66615678369999,10.169203981757164,9.593415804207325
7418990,3.4622540790587664,3.9064509365707636,4.2952532805502415
7431837,5.083227384835482,5.213892184197903,5.313087010756135
7432149,14.754256540909411,13.383380357176067,12.165265856310725
7443916,30.870556969195604,28.663521260023117,25.507068391889337
7455315,3.7161143980920315,4.220877785235643,4.539359748363495
7463368,75.12621683068573,59.52359596453607,51.30264147184789
7465454,5.929242298007011,6.191574569791555,6.169566530734301
7474818,6.428091183304787,6.224815085530281,6.25278839468956
7486210,5.330341871827841,5.173150658607483,5.247881531715393
7487731,6.161177076399326,5.497477317228913,5.534468337893486
7503368,6.450251527130604,6.4999536499381065,6.452123606577516
7504836,6.886769685894251,6.567570621147752,6.556217569857836
7506362,5.863687787204981,6.036211013793945,5.88553717546165
7526212,3.5993093326687813,4.061833530664444,4.390519913285971
7531326,9.344194434583187,9.058134349063039,8.67871144041419
7536361,17.98585277423263,15.508768018335106,14.160502746701242
7546401,22.935440450906757,18.5505988560617,16.57031956315041
7551928,6.8827336095273495,6.645785465836525,6.596203917637467
7562679,9.137351866811514,8.534719973802567,7.5965225994586945
7564360,28.827959641814232,26.779009936377406,23.13191994838417
7575330,9.908229760825634,9.453143112361431,8.681865418329835
7580778,7.426880471408367,7.04139075614512,6.960123470053077
7581616,17.204662578180436,15.435553846880795,13.711641555652024
7582586,5.517061172053218,5.807836359366775,5.758775185793638
7604799,31.826942071318626,28.33842673152685,23.380893822759393
7613002,13.6441388130188,11.593272605910897,10.412739306688309
7614360,25.981370825320486,22.694088160991672,19.753977870568637
7621018,76.70307252183557,58.533069210126996,50.59109263122082
7625417,7.904286114498973,7.898746028542519,7.650698674842715
7631925,4.4056488536298275,4.771478561684489,4.982198555022478
7638277,8.314017672091722,7.105530101805925,6.249399613589048
7657532,6.5697663482278585,6.3283823281526566,6.36298724077642
7662612,6.83346301689744,6.527279663830996,6.024661235511303
7672866,15.738983022049071,14.315377658233048,12.971618069335818
7691366,9.322998687624931,9.12807396799326,8.736726865172386
7707585,4.93785248324275,4.746443465352058,4.8294559102505445
7717809,62.73916846700013,51.30029026698321,45.348940186202526
7720116,8.480962736532092,7.7748714834451675,7.519488116726279
7731960,6.510158069431782,6.321934759616852,6.355378348380327
7734282,8.659254506230354,8.39708723127842,7.77961196936667
7752441,44.935432739555836,38.523605056107044,33.19034897536039
7752739,6.77891887165606,6.4629435911774635,6.358119834214449
7753033,11.563668366521597,10.53273008018732,9.76007529720664
7756617,52.445809334516525,43.485300961881876,34.70362377166748
7761008,5.542711833491921,5.509699774906039,5.5540648847818375
7764473,5.108243443071842,5.32850786857307,5.525812350213528
7780387,9.190023932605982,8.999731816351414,8.185491485521197
7785882,61.786280028522015,51.30256531946361,42.41193310543895
7790619,49.21750669181347,39.70097168534994,33.753946425393224
7790718,30.063658997416496,24.61546993069351,21.782874114811424
7790845,4.439333591610193,4.631097987294197,4.798848997801542
7796407,5.433464892208576,5.556819062680006,5.549114979803562
7799847,65.63225466012955,57.48425415158272,49.218699745833874
7805971,7.341450188308954,6.774083195254207,6.515653733164072
7819951,4.7509237639606,4.885281953960657,5.0120249055325985
7834605,7.8677139319479465,7.558256026357412,7.2769998870790005
7835634,21.440061464905742,17.977577548474077,15.864780414849522
7845012,4.287003438919783,4.6120598912239075,4.797649597749114
7866866,21.79496965184808,19.244347076863054,17.157124452292923
7868961,11.004456024616957,10.680973388254642,9.755366541445255
7880995,9.483451761305332,8.737735884264112,8.33862123824656
7885064,5.582825101912022,5.557161748409271,5.68153128400445
7893872,4.235004052519798,4.529517052695155,4.784411774948239
7898090,12.537961971014738,12.028439059853554,10.77325738593936
7898315,4.212697749957442,4.412578720599413,4.631174139678478
7920219,14.670711029320957,12.756893729791045,11.699600372463465
7923135,7.70974850282073,7.575326852500439,7.239799447357655
7926920,8.453579608350992,8.03464630432427,7.663828615099192
7928053,9.54526211321354,8.616482250392437,8.236723002046347
7929345,11.21485237032175,10.213981583714485,9.414819424971938
7939178,14.324985550716521,12.41205669566989,11.152280494570732
7940745,39.4210355207324,33.536252142861485,28.594425663352013
7942538,6.342470519244671,6.119191728532314,6.199189808219671
7947635,98.28749490343034,81.63236558809876,66.85015974193811
7951593,11.00488755479455,10.371432984247804,9.58976048976183
7957564,4.507642280310392,4.799318604171276,5.021651836112142
7984427,83.35073144733906,66.72264892049134,54.4773836042732
8002271,34.39902692660689,29.681005958467722,26.294979035854343
8006476,16.06004782021046,15.337634572759272,13.556893564760687
8014535,6.278477132320404,6.183483378961682,6.155941599979997
8019434,9.282250816002488,8.877691274508834,7.9505169577896595
8030182,6.604345876723528,6.575446046888828,6.395269505679607
8050114,26.055752666667107,22.210774362087253,19.446760114282373
8055559,4.982325475662947,5.128296904265881,5.206511748954654
8060467,9.956814981997013,8.791137743741274,8.310121208429337
8075707,15.392096219584348,13.60909602418542,12.522306310012937
8102985,58.57078367844224,46.768985426053405,39.104558903723955
8109494,4.660124737769365,5.040721662342548,5.139097850769758
8125619,4.402862945571542,4.8814933728426695,5.129363037645817
8127431,5.167648648843169,5.6103414967656136,5.6290749832987785
8128037,61.11506022140384,51.14285790454596,44.046137887984514
8132113,24.148033903911713,20.006987821310762,17.83824406936765
8150419,11.122200302779675,10.336047509685159,9.407172456383705
8178418,4.71147682890296,4.957245957106352,5.206587901338935
8196085,18.900315988808874,16.53790403157473,15.231065656989815
8214053,51.414084140211344,40.20218129456043,35.0722584258765
8229843,3.9418808333575726,4.399194939061999,4.613601977005601
8241949,5.481028402224183,5.535064864903688,5.626162154600024
8244710,74.15882770903409,63.26272880099714,53.29379786364734
8252782,15.55599518865347,14.687458207830788,13.507216826081278
8255953,10.878791898488998,10.181229712441564,9.229750093072653
8256374,5.387113474309444,5.45389911532402,5.30948881059885
8280665,6.489749230444431,6.424435868859291,6.185463340952992
8302040,9.229699324816465,8.454404592514038,8.099674094468355
8320026,10.123284094035625,9.36344194971025,8.807859538123012
8327137,15.466490752995016,13.233480734750628,12.087761767208576
8327629,78.11922764405608,64.12547820061445,55.45116952620447
8333296,7.129105610772967,6.615457778796554,6.275532573461533
8335560,26.587480343878273,21.3096885830164,19.208771221339706
8350672,7.749055825173855,7.141664408147335,6.944036278873682
8362411,4.883105264976621,5.153858721256256,5.302781054750085
8374728,3.6042465455830097,4.11063451692462,4.430544337257743
8382909,5.366044647991657,5.7244558446109295,5.7718733958899975
8390739,12.064129143953323,11.462043009698391,10.746934045106173
8392539,237.70102920383218,189.70469442009926,152.64607582241297
8396761,10.406805766746402,9.504006559029222,9.14635688625276
8406268,48.85187371075153,40.615453938022256,34.83583700284362
8407573,11.958543863147497,11.387870587408543,10.588727466762066
8408667,5.910286700353026,5.99490469135344,5.870617654174566
8422930,11.971508806571364,11.665718907490373,10.782719319686294
8423024,47.4499337002635,36.80956719070673,31.658721454441547
8423804,358.2819075286389,282.00026726722723,238.01586854457858
8428945,20.5389249175787,18.29027193039656,15.287875335663559
8438580,6.285077005624771,6.269326154142618,6.131744179874659
8440708,4.353021210059524,4.674555614590645,4.863737175241113
8441483,32.23607075586915,29.46069711074233,24.466611057519916
8452328,9.261181989684701,8.87720263004303,8.484599012881517
8465588,97.20107960514724,80.84444225206971,69.98603877425194
8471532,3.92069143243134,4.34272794611752,4.548193424940109
8497770,8.27656339108944,7.78599607758224,7.394071485847235
8499846,11.11138666421175,10.70507561787963,9.624105215072632
8508123,5.191217811778188,5.426528679206967,5.46089244261384
8517552,8.238347586244345,7.708250839263201,7.552887283265591
8528382,19.19800835102797,16.216325204819444,14.002226362004878
8548741,8.364214785397053,8.284121515229344,7.980114851146936
8578628,4.2556159645318985,4.591219522058964,4.893836405128241
8584067,5.60223126783967,5.634088348597288,5.657429054379463
8584355,53.806370043195784,42.51138811931014,36.09175481647253
8601659,4.563893508166075,4.999332841485739,5.102773163467646
8603939,3.074225950986147,3.6217362098395824,4.0436204187572
8624359,6.87487087585032,6.793939929455519,6.48749004304409
8624904,5.398479217663407,5.441683003678918,5.523870464414358
8625312,12.526589881628752,11.646344471722841,10.878189025446773
8636053,6.474080877378583,6.80387781560421,6.614937404170632
8642880,11.760300168767571,10.762005871161819,9.847028627991676
8649525,628.241957500577,444.73314025998116,347.8930469602347
8649640,11.187685007229447,10.349399561062455,9.703608304262161
8653216,7.206089325249195,6.940469808876514,6.413939531892538
8659997,10.381580289453268,9.450350858271122,8.992852717638016
8667290,41.337410271167755,35.00526971183717,31.181372925639153
8703979,6.575585659593344,6.570147110149264,6.2320114858448505
8709630,5.65877441316843,5.648366920650005,5.7637250907719135
8714192,82.29599554091692,70.68194464594126,60.30743880197406
8729970,5.8648491110652685,5.426661945879459,5.587660778313875
8733856,12.272469375282526,10.974401216953993,9.95658652484417
8743937,7.137215839698911,6.940641151741147,6.732872063294053
8753356,30.398824678733945,26.92474021576345,23.701228827238086
8761242,4.621820088475943,4.935548873618245,5.105076773092151
8773196,3.4848396070301533,4.035332500934601,4.41723670810461
8781151,5.4779632687568665,5.514478337019682,5.641614742577076
8793285,5.8827258832752705,6.039326915517449,6.028608467429876
8805668,15.004937497898938,12.837158342823386,11.835760835558176
8811997,28.723561068996787,24.790588684380058,21.063919454813007
8822663,45.799559228122234,37.170891216024756,31.94106911122799
8822897,22.347360009327534,18.73266016878188,16.306223094463352
8827094,21.191918920725588,20.29221657663584,18.34946137107909
8829971,15.25973702967167,12.86765737272799,11.877670031040907
8856808,3.3309610225260258,3.8942284788936377,4.259353777393699
8859264,5.376528292894363,5.499108247458935,5.608793064951897
8863476,11.757019270211458,11.5200076662004,10.484354278072715
8874983,19.69089196622372,18.073269365355376,15.265829220414163
8876500,10.188660915941,9.78224198706448,9.33763263747096
8880895,5.719150561839342,5.926957726478577,5.986794462427497
8882803,6.986269121989608,6.8705111518502235,6.680879022926092
8884043,3.484198657795787,3.9524913989007473,4.26906955242157
8886826,28.805139310657978,26.452931772917513,23.466990439221266
8890302,8.615181313827634,8.441744258627295,8.126536848023534
8891536,4.747484214603901,4.898265935480595,5.054714662954211
8909846,9.473107729107141,8.610047373920679,8.129145067185163
8916281,8.02241750061512,7.853225940838456,7.404973968863487
8916675,14.031919445842506,13.083562074229121,11.544953918084502
8936259,18.406010862439874,15.997222103178503,14.567194554954769
8941600,56.184485256671906,50.34853459522128,42.57883374765515
8960262,21.963970830664042,19.531435219570998,17.413326457142833
8962897,75.27949888817966,65.53547132574022,55.38105221837759
8964562,6.935278754681349,6.8094813618808985,6.7239178121089935
8967546,20.71462116017938,17.796233337372545,16.15650116093457
8972999,29.390598841011524,24.76635318808258,22.135967336595062
8974072,23.373310314491395,20.91309331171215,17.24431893229485
8980023,4.013521188870072,4.513956582173705,4.805664636194706
8981932,38.01237506233156,35.63906062208116,31.045586878433824
8990969,19.06094675138593,18.545376071706418,17.16263280808926
8992880,7.5323642157018185,7.190198861062527,6.933895319700241
9000905,14.037142230197789,12.270210187882185,11.21198396384716
9003245,195.81888050958514,165.8640228509903,141.06733424961567
9024939,7.443760916590691,6.795983351767063,6.637027941644192
9037014,32.74418484792113,29.39656411111355,25.79191638529301
9049512,146.59279894828796,116.05255791172385,94.09117488190532
9055959,6.399121547117829,6.211647069081664,6.221438996493816
9060305,93.01153079979122,76.19418421387672,64.9506971668452
9065746,20.54945298470557,17.71287186071277,14.612689258530738
9065995,106.71020879223943,87.94820953719318,72.32458965107799
9076688,18.617301998659972,16.95546659268439,15.270328557118775
9117679,7.0300503969192505,7.296393360942602,7.1404459699988365
9123080,5.768789224326611,5.695790817961097,5.766923490911722
9131181,10.608825350180268,9.835390005260706,9.315256528556347
9134941,90.77799406088889,70.87581592425704,59.649291820824146
9137750,10.104093693196774,9.625368075445294,9.180517576634884
9150929,7.987628553062677,7.726590871810913,7.065842017531395
9154558,12.716596426442266,12.263997422531247,11.322760298848152
9163813,23.08662831783295,20.461744476109747,17.81345012225211
9182902,7.769705813378096,7.108728501945734,6.761917851865292
9195736,8.250944459810853,8.298292204737663,8.075838398188353
9217009,3.278377801179886,3.7755196038633585,4.175186354666948
9221445,21.191081244498495,20.59530306607485,18.84974445961416
9231286,3.6504964269697666,4.122247755527496,4.398642834275961
9242163,5.3154858108609915,5.532869137823582,5.394328912720084
9260124,16.124904267489914,14.706432843580844,13.684886684641244
9265046,18.765602421015505,17.03786981850863,15.319193003699185
9288643,11.197946541011333,10.363132374361157,9.736626708880067
9318538,80.75510281324387,62.86867194250226,53.63552534207702
9324768,12.141531696543097,10.837593458592892,10.242456229403615
9337548,18.555656643584374,14.905520560219886,11.7431087680161
9341302,55.270935870707035,47.795563988387585,40.587385438382626
9346906,35.95663510262966,31.953367721289396,27.794000644236803
9353281,7.572636134922504,7.523758996278048,7.31705604121089
9356162,7.031605174764991,6.703845312818885,6.613408010452986
9360266,15.416484020650389,14.937720326706769,13.317026246339084
9360481,29.160263262689114,27.398541312664747,24.649433894082907
9379772,3.765873635187745,4.167907455936074,4.502083156257868
9380156,5.489056132733822,5.801541095599532,5.774716418236494
9401556,13.736086471006276,12.090033646672964,10.718789393082261
9403123,12.530943259596825,11.458457501605153,10.251410480588675
9409783,6.52558527328074,6.576575640588999,6.533016476780176
9411341,34.48634832724929,28.86272320523858,25.70635918155313
9415168,20.054633829742674,16.67653944715858,15.285025967285039
9415571,4.221658347174525,4.5340100433677435,4.814879074692726
9447359,31.89799859188497,27.54236143641174,24.762583645060662
9467115,383.700608804822,306.62769450247293,282.23872576653963
9467964,11.900890162214637,10.342869494110346,9.60990914143622
9471023,3.3537686616182327,3.8318279460072517,4.202613905072212
9471040,53.02856228221208,45.9046939406544,40.21043113619089
9473504,8.397797986865044,7.821559241041541,7.524736285209656
9475966,5.262686824426055,5.553684122860432,5.727908086031675
9493878,10.510201666504145,8.47796106338501,6.739129250869155
9503048,31.44526632130146,26.327293030917648,22.32239471934736
9507282,9.572956196963787,8.927678968757391,8.447722220793366
9537247,3.659228567034006,4.052111409604549,4.338393606245518
9538944,25.714342489838604,22.218192873522643,20.073748078197244
9551370,35.8321894146502,31.256053030490875,26.48485866002739
9553202,18.14133055880666,17.043003758415583,14.739768549799921
9561888,7.1599473264068365,6.899525210261345,6.56725331954658
9564829,3.5374164823442698,4.024937700480223,4.322363529354334
9567470,5.849618634209037,5.9922647420316935,6.009786136448383
9572497,44.00509809888899,37.10342654958367,32.402768325060606
9578191,7.318680625408888,7.500760976225138,7.391926527023315
9578843,20.47340848296881,17.1008351482451,15.096993038430812
9597987,10.613432569429278,9.837166894227266,9.06585112400353
9600565,5.796026393771172,5.921290719881654,5.935347180813551
9602447,11.953149735927582,10.425444062799215,9.91734266281128
9604230,23.884356273338202,20.00348481163383,17.605636611580852
9605029,50.22044628486037,40.03958326205611,35.20559490472078
9606470,81.47589782252908,73.23756789416075,65.72375174984336
9609324,19.56794394180179,18.320935957133774,15.756618645042183
9613060,6.562500141561031,6.392566096037626,6.362352637574077
9614254,7.645615503191948,7.278307169675827,6.752062464132905
9617091,14.514370184391739,13.33146981522441,11.870765548199415
9618217,23.146433323621753,20.419556055217985,17.74312339536846
9639989,7.854596683755517,8.086258582770824,7.834498800337315
9640227,7.277247382327914,7.143955325707793,7.0071094911545515
9653695,5.0205285884439945,5.159271886572242,5.281953377649188
9668440,39.13996341638267,34.96608931012452,31.473918655887246
9679391,29.214902598410845,24.054804347455505,20.331193905323747
9706286,17.027678091079,15.705069826915862,14.23708031512797
9709441,7.695400124415755,7.2603923212736845,6.985044337809086
9710961,106.09322217479348,83.1747432872653,70.2721559740603
9733508,7.569488503038883,7.514969741925597,7.261471146717668
9737931,7.246094711124897,6.997241411358118,6.798807336017489
9740620,6.794549148529768,7.018970225006342,6.7503426894545555
9745794,5.465245820581913,5.7236879747360945,5.743449518457055
9746004,17.53608410060406,14.854676151648166,13.525429937988521
9751306,10.082358533516526,9.469630103558302,8.743885189294815
9763081,7.443970335647464,7.376930853351951,6.997216027230024
9766659,5.428870365023613,5.81193589605391,5.939973438158631
9782315,7.297764103859663,7.0005540400743484,6.937011221423745
9789870,8.420675432309508,7.991150600835681,7.696199724450707
9793939,53.80526900663972,45.005150247365236,38.650474928319454
9796370,5.123289884999394,5.193489691242576,5.04956803098321
9811305,216.4617230817676,173.5841231122613,144.87954799085855
9815409,13.886189166456463,11.976769667118788,11.059501506388187
9819030,7.165030498057604,7.055225105956197,6.987132182344794
9823407,19.292430961504582,15.653127554804088,14.222922317683699
9831946,24.098211206495765,21.339641854166988,17.66461663320661
9837592,6.420558443292975,6.81002077460289,6.631595738232136
9838164,15.547542273998262,13.686834916472437,12.476468920707703
9843137,39.74422623962164,36.14178693294525,30.650083124637604
9845101,6.710362687706947,6.6470039039850235,6.50935846939683
9845476,4.432860638946295,4.753912745043635,5.010248016566038
9850176,5.192994700744748,5.561813389882445,5.620063617825508
9852232,3.225680351257324,3.7846007756888866,4.195284238085151
9896604,5.589006137102842,5.819785937666893,5.81280530244112
9909788,28.443326640874147,23.97410820424557,21.055733073502783
9921125,11.888965968042612,11.048243645578623,10.379422638565302
9933356,19.286497421562675,16.197782099246982,14.690510649234058
9937463,13.528717182576658,12.481272866949439,11.373077986761928
9938009,7.005960859358311,7.180654428899288,6.945686247199774
9955498,39.60614927485585,32.197912065312266,27.70788498967886
9955978,4.9275528732687235,5.132904123514891,5.177320001646876
9958741,4.5226569920778275,4.986647123470902,5.135023698210716
9964947,11.224866408854723,9.601710068061948,8.939565086737275
9971759,4.8367030788213015,5.22445198148489,5.280861860141158
9972490,20.98225871473551,19.882973663508896,17.54222705960274
9975355,62.495804484933615,57.16313223913312,50.11328084208071
9976192,11.173114517703652,10.144238691776991,9.252773497253656
9985628,7.615554349496961,7.391945565119386,7.122537467628717
9986806,9.136768031865358,8.320554085075855,8.00580358877778
9987263,9.14369155280292,8.572935778647661,8.116345120593905
9993221,6.014761425554752,5.91360567510128,5.817996356636286
9996357,4.330587986856699,4.720050318166614,4.86180798150599
